{
	"tabs":[
		{
			"tab_name": "CG",
			"items": [
                { "name": "stairs", "image": "stairs" },
                { "name": "fanglookback", "image": "fanglookback" },
                { "name": "fangtalkingwithtrish", "image": "fangtalkingwithtrish" },
                { "name": "pathetic", "image": "pathetic" },
                { "name": "fuckedwingretard", "image": "fuckedwingretard" },
                { "name": "fang band playing", "image": "fang band playing" },
                { "name": "fang band screaming", "image": "fang band screaming" },
                { "name": "fangroofcry", "image": "fangroofcry" },
                { "name": "weirdkissu", "image": "weirdkissu" },
                { "name": "bloodywing", "image": "bloodywing" },
                { "name": "nascar day", "image": "nascar day" },
                { "name": "nascar night", "image": "nascar night" },
                { "name": "bathroom1", "image": "bathroom1" },
                { "name": "bathroom2", "image": "bathroom2" },
                { "name": "bathroom3", "image": "bathroom3" },
                { "name": "bathroom4", "image": "bathroom4" },
                { "name": "bathroom5", "image": "bathroom5" },
                { "name": "bathroom6", "image": "bathroom6" },
                { "name": "bathroom7", "image": "bathroom7" },
                { "name": "askfang1", "image": "askfang1" },
                { "name": "askfang2", "image": "askfang2" },
                { "name": "askfang3", "image": "askfang3" },
                { "name": "askfang4", "image": "askfang4" },
                { "name": "askfang5", "image": "askfang5" },
                { "name": "askfang6", "image": "askfang6" },
                { "name": "askfang7", "image": "askfang7" },
                { "name": "troodonconvergence1", "image": "troodonconvergence1" },
                { "name": "troodonconvergence2", "image": "troodonconvergence2" },
                { "name": "troodonconvergence3", "image": "troodonconvergence3" },
                { "name": "troodonconvergence4", "image": "troodonconvergence4" },
                { "name": "troodonconvergence5", "image": "troodonconvergence5" },
                { "name": "troodonconvergence6", "image": "troodonconvergence6" },
                { "name": "projector1", "image": "projector1" },
                { "name": "projector2", "image": "projector2" },
                { "name": "projector3", "image": "projector3" },
                { "name": "projector4", "image": "projector4" },
                { "name": "projector5", "image": "projector5" },
                { "name": "projector6", "image": "projector6" },
                { "name": "projector7", "image": "projector7" },
                { "name": "projector8", "image": "projector8" },
                { "name": "projector9", "image": "projector9" },
                { "name": "taxi day", "image": "taxi day" },
                { "name": "taxi night", "image": "taxi night" },
                { "name": "wounds1", "image": "wounds1" },
                { "name": "wounds2", "image": "wounds2" },
                { "name": "wounds3", "image": "wounds3" },
                { "name": "wounds4", "image": "wounds4" },
                { "name": "wounds5", "image": "wounds5" },
                { "name": "wounds6", "image": "wounds6" },
                { "name": "wounds7", "image": "wounds7" },
                { "name": "wounds8", "image": "wounds8" },
                { "name": "wounds9", "image": "wounds9" },
                { "name": "wounds10", "image": "wounds10" },
                { "name": "wounds11", "image": "wounds11" },
                { "name": "wounds12", "image": "wounds12" },
                { "name": "wounds14", "image": "wounds14" },
                { "name": "wounds15", "image": "wounds15" },
                { "name": "wounds16", "image": "wounds16" },
                { "name": "stair1", "image": "stair1" },
                { "name": "stair2", "image": "stair2" },
                { "name": "stair3", "image": "stair3" },
                { "name": "prom fang fuck up a ending", "image": "prom fang fuck up a ending" },
                { "name": "prom fang freak out a ending", "image": "prom fang freak out a ending" },
                { "name": "roomthrash1", "image": "roomthrash1" },
                { "name": "roomthrash2", "image": "roomthrash2" },
                { "name": "roomthrash3", "image": "roomthrash3" },
                { "name": "roomthrash4", "image": "roomthrash4" },
                { "name": "roomthrash5", "image": "roomthrash5" },
                { "name": "roomthrash6", "image": "roomthrash6" },
                { "name": "roomthrash7", "image": "roomthrash7" },
                { "name": "roomthrash8", "image": "roomthrash8" },
                { "name": "roomthrash9", "image": "roomthrash9" },
                { "name": "roomthrash10", "image": "roomthrash10" },
                { "name": "a02", "image": "a02" },
                { "name": "a04", "image": "a04" },
                { "name": "roofshooter", "image": "roofshooter" },
                { "name": "a11", "image": "a11" },
                { "name": "a13", "image": "a13" },
                { "name": "a14a", "image": "a14a" },
                { "name": "a15", "image": "a15" },
                { "name": "a14", "image": "a14" },
                { "name": "doomeranon01", "image": "doomeranon01" },
                { "name": "doomeranon02", "image": "doomeranon02" },
                { "name": "doomeranon03", "image": "doomeranon03" },
                { "name": "doomeranon04", "image": "doomeranon04" },
                { "name": "sadserlookingon", "image": "sadserlookingon" },
                { "name": "sadserangry", "image": "sadserangry" },
                { "name": "sadserrambo", "image": "sadserrambo" },
                { "name": "sadserlookingonteary", "image": "sadserlookingonteary" },
                { "name": "sadserheaddown", "image": "sadserheaddown" },
                { "name": "c02", "image": "c02" },
                { "name": "c04", "image": "c04" },
                { "name": "c05", "image": "c05" },
                { "name": "c10", "image": "c10" },
                { "name": "fang d ending preformance 1", "image": "fang d ending preformance 1" },
                { "name": "fang d ending preformance 4", "image": "fang d ending preformance 4" },
                { "name": "d01", "image": "d01" },
                { "name": "d02a", "image": "d02a" },
                { "name": "d02b", "image": "d02b" },
                { "name": "d02c", "image": "d02c" },
                { "name": "d03", "image": "d03" },
                { "name": "d04b", "image": "d04b" },
                { "name": "golden ending", "image": "golden ending" },
                { "name": "trishreedcarfe", "image": "trishreedcarfe" },
                { "name": "trailerconcert", "image": "trailerconcert" },
                { "name": "naomiletter", "image": "naomiletter" },
                { "name": "naomifangcg", "image": "naomifangcg" },
                { "name": "big ending", "image": "big ending" }
			]
        },
		{
			"tab_name": "Animations"
        },
		{
			"tab_name": "Lewd",
			"eval": "persistent.lewd == True",
			"items": [
                { "name": "lesbo", "image": "lesbo" },
				{ "name": "bikini", "image": "bikini" },
                { "name": "fangonamp", "image": "fangonamp" }
			]
        },
		{
			"tab_name": "Fullbody",
			"items": [
                { "name": "fanganonhug", "image": "fullbody_fanganonhug" },
				{ "name": "hallpass", "image": "fullbody_hallpass" },
				{ "name": "fangguitar", "image": "fullbody_fangguitar" },
                { "name": "fanganonguitar", "image": "fullbody_fanganonguitar" },
                { "name": "fullbody_fanganoncarry", "image": "fullbody_fanganoncarry" },
                { "name": "fang silo1", "image": "fullbody_fang_silo1" },
                { "name": "fang silo2", "image": "fullbody_fang_silo2" },
                { "name": "fang silo3", "image": "fullbody_fang_silo3" },
                { "name": "fangshooter", "image": "fullbody_fang_shooter" },
                { "name": "fangarm", "image": "fullbody_fangarm" },
                { "name": "kissu1", "image": "fullbody_kissu1" },
				{ "name": "kissu2", "image": "fullbody_kissu2" },
                { "name": "rosa hug", "image": "fullbody_rosahug" },
                { "name": "c06", "image": "fullbody_c06" },
				{ "name": "c07", "image": "fullbody_c07" },
				{ "name": "c09", "image": "fullbody_c09" },
                { "name": "fullbody_naomislap", "image": "fullbody_naomislap" },
                { "name": "fullbody_anontrishdance", "image": "fullbody_anontrishdance" },
                { "name": "fullbody_dpromdance", "image": "fullbody_dpromdance" },
				{ "name": "fullbody_christmas", "image": "fullbody_christmas" }
			]
		},
		{
			"tab_name": "Backgrounds",
			"items": [
                { "name": "outside school fog", "image": "outside school fog" },
                { "name": "outside school", "image": "outside school" },
                { "name": "outside school night", "image": "outside school night" },
                { "name": "garden", "image": "garden" },
                { "name": "hallway", "image": "hallway" },
                { "name": "classroom", "image": "classroom" },
                { "name": "cafeteria", "image": "cafeteria" },
                { "name": "door auditorium", "image": "door auditorium" },
                { "name": "auditorium", "image": "auditorium" },
                { "name": "room anon dark", "image": "room anon dark" },
                { "name": "office spears", "image": "office spears" },
                { "name": "skinrow", "image": "skinrow" },
                { "name": "flower garden", "image": "flower garden" },
                { "name": "science class", "image": "science class" },
                { "name": "bandroom", "image": "bandroom" },
                { "name": "parking_lot", "image": "parking_lot" },
                { "name": "roof day", "image": "roof day" },
                { "name": "roof day broken", "image": "roof day broken" },
                { "name": "roof night", "image": "roof night" },
                { "name": "room anon day", "image": "room anon day" },
                { "name": "room anon day alt", "image": "room anon day alt" },
                { "name": "room anon night alt", "image": "room anon night alt" },
                { "name": "emptyroomday", "image": "emptyroomday" },
                { "name": "emptyroomnight", "image": "emptyroomnight" },
                { "name": "sidewalk", "image": "sidewalk" },
                { "name": "home fang outside", "image": "home fang outside" },
                { "name": "home fang outside night", "image": "home fang outside night" },
                { "name": "home fang day", "image": "home fang day" },
                { "name": "home fang night", "image": "home fang night" },
                { "name": "home fang dim", "image": "home fang dim" },
                { "name": "home fang day alt", "image": "home fang day alt" },
                { "name": "park", "image": "park" },
                { "name": "park fair", "image": "park fair" },
                { "name": "little troodon", "image": "little troodon" },
                { "name": "outside moes", "image": "outside moes" },
                { "name": "moes pizza", "image": "moes pizza" },
                { "name": "park night", "image": "park night" },
                { "name": "moebackrooms", "image": "moebackrooms" },
                { "name": "fangroom", "image": "fangroom" },
                { "name": "fangroom future", "image": "fangroom future" },
                { "name": "kitchen", "image": "kitchen" },
                { "name": "prom", "image": "prom" },
                { "name": "museum", "image": "museum" },
                { "name": "museuminside", "image": "museuminside" },
                { "name": "theater", "image": "theater" },
                { "name": "foodcourt", "image": "foodcourt" },
                { "name": "shooterroof_gallery", "image": "shooterroof_gallery" },
                { "name": "nightclub", "image": "nightclub" },
                { "name": "concertlobby", "image": "concertlobby" },
                { "name": "biglydie", "image": "biglydie" },
                { "name": "beach", "image": "beach" },
                { "name": "campsite", "image": "campsite" },
                { "name": "bus_stop", "image": "bus_stop" },
                { "name": "hotellobby", "image": "hotellobby" },
				{ "name": "airport", "image": "airport" },
                { "name": "fromairplane", "image": "fromairplane" },
                { "name": "apartment morning", "image": "apartment morning" },
                { "name": "city morning", "image": "city morning" },
                { "name": "aquarium", "image": "aquarium" },
                { "name": "aquariumexhibit", "image": "aquariumexhibit" },
                { "name": "stingray pool", "image": "stingray pool" },
                { "name": "aquariumoutside", "image": "aquariumoutside" },
                { "name": "aquariumtube", "image": "aquariumtube" },
                { "name": "jellyfishroom", "image": "jellyfishroom" },
                { "name": "reunion", "image": "reunion" },
                { "name": "parkinglot", "image": "parkinglot" },
                { "name": "bowlingalley", "image": "bowlingalley" },
                { "name": "backyard", "image": "backyard" },
                { "name": "trishhome", "image": "trishhome" },
                { "name": "courtyard", "image": "courtyard" },
                { "name": "carpet", "image": "carpet" },
                { "name": "fangapartment", "image": "fangapartment" }
			]
        }
	]
}